이름,업종,지도,주소,컨택,리뷰수,팔로워수,R/F 지수,비고1,플랜,지역
바이엠네일,네일샵,https://naver.me/GDaGQXsX,서울 마포구 방울내로 91 1층 바이엠네일,by_m.nail,579,2140,0.271,,,망원동
예뻐지는날,네일샵,https://naver.me/FK5QomYS,서울 마포구 월드컵로25길 26 101동 120호 예뻐지는날,lovelyday_beauty,380,1511,0.251,속눈썹,,망원동
네일루화,네일샵,https://naver.me/GoDswaxg,서울 마포구 월드컵로19길 31-1 2층,nail_luhwa,356,17000,0.021,,,망원동
어바웃네일,네일샵,https://naver.me/F42TauKF,서울 마포구 망원로 50 1층,about_nail_ksj,271,272,0.996,,,망원동
다원네일,네일샵,https://naver.me/xyd1yoXz,서울 마포구 월드컵로13길 19-7 1층 다원네일,dawonnail,252,3312,0.076,,,망원동
네일509,네일샵,https://naver.me/5l7WXcD9,서울 마포구 포은로 125 2층 네일509,__nail509,251,8453,0.030,속눈썹,,망원동
미도우뷰티,네일샵,https://naver.me/ID3un3cE,서울 마포구 월드컵로13길 70 402호,meadow.brow,228,1489,0.153,속눈썹,,망원동
디디유네일,네일샵,https://naver.me/59v3lb82,서울 마포구 월드컵로19길 95 2층,ddunail_,225,6174,0.036,,,망원동
포리네일,네일샵,https://naver.me/G28hnMDh,서울 마포구 월드컵로19길 70 101호,fori_nail,196,457,0.429,,,망원동
네일끌리문,네일샵,https://naver.me/GTnB4MfH,서울 마포구 포은로 95 1층,nail_kklimoon,184,1478,0.124,,,망원동
네온네일,네일샵,https://naver.me/GyYB3mXF,서울 마포구 포은로 119 1층,neonnail_,180,8583,0.021,,,망원동
네일플로랄,네일샵,https://naver.me/5u99L98W,서울 마포구 동교로 79 1층 네일플로랄,nailfloral__,142,6592,0.022,,,망원동
햇살눈부신네일,네일샵,https://naver.me/FqWQxmxj,서울 마포구 망원로2길 106 1층 가운데,sunnail_mj,122,191,0.639,속눈썹,,망원동
네일노벰버27,네일샵,https://naver.me/xI1yynRD,서울 마포구 망원로3길 13 1층,nail_november27,105,1922,0.055,,,망원동
"네일,연오",네일샵,https://naver.me/xxFUWrLt,"서울 마포구 포은로6길 11-3 1층 네일,연오",nail_yeon_5,84,2225,0.038,,,망원동
해찌네일,네일샵,https://naver.me/GBFUBTsj,서울 마포구 동교로 75 1층 102호,hezzi_nail,76,1943,0.039,,,망원동
앵두네일,네일샵,https://naver.me/5h1pGW6W,서울 마포구 망원로7길 31-10 1층 앵두네일,aengdoo._.nail,73,544,0.134,,,망원동
이쁨더하기,네일샵,https://naver.me/GoDMjzg6,서울 마포구 포은로 143-1 1층,beauty_plus.23,61,113,0.540,속눈썹,,망원동
"23, NAIL",네일샵,https://naver.me/IxKL0upJ,서울 마포구 월드컵로19길 42 1층(오른쪽),_23_nail,58,1823,0.032,,,망원동
도로시네일,네일샵,https://naver.me/FK0sSwqx,서울 마포구 포은로 106 1층 도로시네일,dorothy.mapo,53,1133,0.047,,,망원동
네일라일라,네일샵,https://naver.me/xs3enCEp,서울 마포구 망원로 45-4 수인하우스 1층 101호,naillilla__,53,397,0.134,,,망원동
네일바이숨,네일샵,https://naver.me/x0Uj2iDW,서울 마포구 희우정로20길 70,nailby.soom,48,2298,0.021,,,망원동
히어리네일,네일샵,https://naver.me/xtgeNFVu,서울 마포구 월드컵로17길 47 3층(지상2층)히어리네일(망원동),here.re_nail,47,47000,0.001,,,망원동
디니크네일,네일샵,https://naver.me/xlboyFZu,서울 마포구 월드컵로15길 37 3층,dnique.nail,47,208,0.226,,,망원동
쟈스민네일,네일샵,https://naver.me/F5DduRfB,서울 마포구 월드컵로 147 1층,jasmine_nailll,31,12,2.583,,,망원동
프루타네일,네일샵,https://naver.me/FjCU7bBw,서울 마포구 월드컵로29길 60 1층,fruta_nail,30,2154,0.014,,,망원동
아이조아,네일샵,https://naver.me/FMceryj2,서울 마포구 망원로8길 55 1층 101호,eyejoa_lash_nail,29,919,0.032,아동복,,망원동
0229 윤일,네일샵,https://naver.me/x8DRIu1i,서울 마포구 방울내로 61 1층,0229____il,24,9025,0.003,,,망원동
miumnail,네일샵,https://naver.me/5ixL6fhE,서울 마포구 망원로11길 41-17 1층,miumnail_,21,4354,0.005,,,망원동
허그네일,네일샵,https://naver.me/xsli6liH,서울 마포구 방울내로7길 23 1층,hug_nail_,21,3319,0.006,,,망원동
니키네일,네일샵,https://naver.me/GXACAh6n,서울 마포구 망원로3길 38 303호,nnniki_nail,15,2988,0.005,,,망원동
슬기아트 네일스튜디오,네일샵,https://naver.me/5GGDzow7,서울 마포구 희우정로16길 25 4층,seulgiart_nails,12,3655,0.003,,,망원동
추단네일,네일샵,https://naver.me/5W9UDtrA,서울 마포구 동교로 59 제1층 101호,chudan.seoul,12,213,0.056,,,망원동
밀라노나나,네일샵,https://naver.me/5L7zjnI9,서울 마포구 월드컵로21길 39 지층 103호(골목 좌측),milan_nana_,0,5741,0.000,,,망원동
네일고민,네일샵,https://naver.me/GziRMLpk,서울 마포구 월드컵로25길 51 1층,nail.gomean,0,1707,0.000,,,망원동
PT 필라테스 바디컨설팅 망원점,필라테스,https://naver.me/GWey4NFh,서울 마포구 월드컵로13길 70 3층,bodyconsulting.pilates.pt,994,45,22.089,,,망원동
여우공간필라테스 망원점,필라테스,https://naver.me/Fk7wXDsX,서울 마포구 월드컵로 111 302호 망원우체국 건물 3층 여우공간필라테스 망원점,fox_space_pilates_mangwon,337,173,1.948,,,망원동
굿바디필라테스 마포구청점,필라테스,https://naver.me/xgNQDgzL,서울 마포구 월드컵로 149 2층,goodbodypilates_,100,172,0.581,,,망원동
희필라테스,필라테스,https://naver.me/GhbGtjd8,서울 마포구 월드컵로13길 56 2층,heepila__,62,25,2.480,,,망원동
루트 필라테스 스튜디오,필라테스,https://naver.me/GDagEvmh,서울 마포구 방울내로 26 루트필라테스 스튜디오,rootpilates_studio,44,188,0.234,,,망원동
바디앤짐 헬스&PT 망원점,PT,https://naver.me/G386VM7V,서울 마포구 월드컵로25길 26 101동 2-001호,bodyngym4,1748,155,11.277,,,망원동
바디앤짐 마포구청역점,PT,https://naver.me/xUwWHGfM,서울 마포구 월드컵로 155 6층,bodyngym5,1555,140,11.107,,,망원동
네이브핏,PT,https://naver.me/FMct3MbW,"서울 마포구 월드컵로13길 34 4,5층",navefit_official,1340,3922,0.342,,,망원동
셀프메이드짐 헬스&PT 망원점,PT,https://naver.me/Gq84tZlx,서울 마포구 월드컵로 61 삼미빌딩 B1 셀프메이드짐,selfmadegym00,1126,605,1.861,,,망원동
엘리트핏24 망원점,PT,https://naver.me/5huaMP5O,서울 마포구 월드컵로 87 4층,elitefit24_official,482,413,1.167,,,망원동
어라운드짐 망원역점,PT,https://naver.me/5EUZ1Nxy,서울 마포구 월드컵로 73 지하1층,around_gym_black,411,132,3.114,,,망원동
킵,PT,https://naver.me/5N18kES8,서울 마포구 월드컵로 93 4층,keep.gx,243,1019,0.238,,,망원동
펀짐,PT,https://naver.me/xoH9ysmn,서울 마포구 월드컵로 161 3층,fungym_pt,101,135,0.748,,,망원동
언니네홈짐,PT,https://naver.me/FdCkVxfE,서울 마포구 망원동 485-31,unnine_home_gym,77,518,0.149,,,망원동
짐버드,PT,https://naver.me/FbO4fQCh,서울 마포구 망원로 26 2층,gymbud_mapo,55,511,0.108,,,망원동
에스복싱PT짐,PT,https://naver.me/F6lfiD6k,서울 마포구 월드컵로13길 17 지1층,s.boxing.gym,25,149,0.168,,,망원동
클랙스짐,PT,https://naver.me/IFGuRhj2,서울 마포구 월드컵로13길 14 지하1층,clax_official,23,24,0.958,,,망원동
인지요가,요가원,https://naver.me/55rjClV0,서울 마포구 방울내로7길 8 반석빌딩 5층,inji.yoga,316,331,0.955,,,망원동
정원요가테라피,요가원,https://naver.me/GDaR9BMO,서울 마포구 월드컵로 83 302호,jongwon_yogatherapy,101,80,1.263,,,망원동
무해안요가원,요가원,https://naver.me/xP8mKllN,서울 마포구 포은로 93 2층,moohaean.yoga,36,1967,0.018,,,망원동
마인드트립,요가원,https://naver.me/GFBaxv5W,서울 마포구 포은로 99 2층,meditatorss,34,1050,0.032,,,망원동
마인드로우요가,요가원,https://naver.me/FMT9uafN,서울 마포구 망원로6길 49 4층,mindraw_yoga,15,1345,0.011,,,망원동
요가 고요,요가원,https://naver.me/G4W5F1F0,서울 마포구 월드컵로23길 19 3층,yoga_khoyo,4,1372,0.003,,,망원동
망원동요가 사마스타,요가원,https://naver.me/5M5qeMEN,서울 마포구 월드컵로25길 95 3층 301호,yoga.samastah,1,177,0.006,,,망원동
디어발레스튜디오,무용,https://naver.me/F6lfCpYN,서울 마포구 월드컵로25길 89 2층 디어발레스튜디오,dearballetstudio,45,7610,0.006,,,망원동
망원정클래스,무용,https://naver.me/xf568yJb,서울 마포구 희우정로 108 3층,mangwonjeong_class,28,2861,0.010,,,망원동
몸춤,무용,https://naver.me/FlZkCAeu,서울 마포구 동교로 43 4층,mom_choom,1,696,0.001,,,망원동
책바,서점,https://naver.me/53lKPAFh,서울 마포구 포은로 90 301호,chaegbar,412,29000,0.014,,,망원동
gaga77page,서점,https://naver.me/FfeO0qX1,서울 마포구 망원로 74-1 지하 1층,gaga77page,164,21000,0.008,,,망원동
이후북스,서점,https://naver.me/G1wOImzS,서울 마포구 망원로4길 24 / 2층,now_afterbooks,151,23000,0.007,,,망원동
작은평화 망원,서점,https://naver.me/FmfjrmS2,서울 마포구 망원로 62 2층,jageun.pyeonghwa,98,535,0.183,,,망원동
책크인,서점,https://naver.me/xdpFAE7T,서울 마포구 희우정로 77 상가동 B105호(노란외관),checkin_books,58,4980,0.012,,,망원동
스캐터북스,서점,https://naver.me/xGIyuedv,서울 마포구 월드컵로11길 44 102호,scatter.books,34,1662,0.020,,,망원동
덴마크 서재,서점,https://naver.me/Fw73vBzg,서울 마포구 포은로 61 안채,inside.denmark.library,17,264,0.064,,,망원동
계절책방 낮과밤,서점,https://naver.me/5PVDZH7C,서울 마포구 월드컵로 113 3층 301호,natbambooks,10,1379,0.007,,,망원동
다락아트앤북스,서점,https://naver.me/GzifVNYY,서울 마포구 동교로9길 57 4층,darock_art_n_books,9,146,0.062,,,망원동
테일탱고,서점,https://naver.me/5eUzHVkI,서울 마포구 망원로 62-3 1층,tale_tango,8,672,0.012,,,망원동
제로헌드레드,서점,https://naver.me/GfCsMH5k,서울 마포구 희우정로10길 33 1층 좌측,_zerohundred_,5,3368,0.001,,,망원동
여행마을,서점,https://naver.me/FA2xYeIB,서울 마포구 월드컵로17길 57 지층,traveltown_book,2,3028,0.001,,,망원동
시즌스,서점,https://naver.me/GtU3XMIT,서울 마포구 망원로3길 15 2층 202호,seasons_booksandthings,0,2475,0.000,,,망원동
시작의 서점,서점,https://naver.me/F8uNOGTx,서울 마포구 월드컵로17길 36 3층,prologuebook.seoul,0,6016,0.000,,,망원동
스몰브랜더,서점,https://naver.me/FhUZoVUY,서울 마포구 희우정로 96 1층,smallbrander,0,26000,0.000,,,망원동
고장수리중,서점,https://naver.me/5yWVaBQU,서울 마포구 희우정로15길 16 1층 101호,@gozangsurijung,0,84,0.000,X,,망원동
달콤헤어 마포망원점,헤어샵,https://naver.me/GJTi9HIY,서울 마포구 포은로 117 메디움M 2층,dalcomhair_shop,7432,1278,5.815,,,망원동
궁서채 망원점,헤어샵,https://naver.me/5XJEFv9P,서울 마포구 월드컵로13길 14 2층 궁서채 망원점,gungseochae_mangwon,6621,265,24.985,,,망원동
레브모어,헤어샵,https://naver.me/Gq80TtSJ,서울 마포구 월드컵로 69 2층,levmore_jooeun,4238,840,5.045,,,망원동
캄스컬러 망원역점,헤어샵,https://naver.me/FV7j0Xri,서울 마포구 월드컵로 89 3층,calmscolor_,2613,633,4.128,,,망원동
할리갈리바버샵,헤어샵,https://naver.me/GRo29bmO,서울 마포구 희우정로 77 마포한강아이파크 상가 101호,halligallibarbershop,1385,756,1.832,,,망원동
MMH 살롱 망원점,헤어샵,https://naver.me/GKUq8NJT,서울 마포구 방울내로 89 1층,mmh_salon,1090,124,8.790,,,망원동
맨하탄스바버샵,헤어샵,https://naver.me/xP8TgvvL,서울 마포구 포은로6길 39 1층,manhattansbarbershop,898,1182,0.760,,,망원동
샵헤어,헤어샵,https://naver.me/Gsj6oZZ4,서울 마포구 포은로8길 41 1층 샵헤어,shophair_jun,647,96,6.740,,,망원동
너드헤어,헤어샵,https://naver.me/5owFtQQw,서울 마포구 월드컵로15길 17 2층 너드헤어,noeudhair,589,785,0.750,,,망원동
"안녕, 미장원",헤어샵,https://naver.me/G8hBDpU3,서울 마포구 희우정로12길 18 1층 101호,hello_mijangwon,587,302,1.944,,,망원동
살롱드해나,헤어샵,https://naver.me/xY4fNgqQ,서울 마포구 망원로 64-2 1층 살롱 드 해나,salon_de_haena_,576,148,3.892,,,망원동
카이화헤어,헤어샵,https://naver.me/IFGTxaU1,서울 마포구 희우정로20길 71 1층 101호,kaihua_hair,542,405,1.338,,,망원동
지금헤어,헤어샵,https://naver.me/FxFo2Vef,서울 마포구 망원로10길 6 103호 1층 지금헤어,zigumhair,504,99,5.091,,,망원동
아이엠미헤어살롱,헤어샵,https://naver.me/GRo29oQl,서울 마포구 동교로9길 56,iamme_hairsalon,454,1077,0.422,,,망원동
더샵헤어,헤어샵,https://naver.me/xHgdo1cp,서울 마포구 망원로8길 55 2층,theshop.mieun,360,688,0.523,,,망원동
챔버바버샵,헤어샵,https://naver.me/xwmX72Kn,서울 마포구 방울내로 60 1층,chamberbarbershopseoul,343,890,0.385,,,망원동
무릉도원,헤어샵,https://naver.me/GctS8ZVs,서울 마포구 희우정로20길 52 2층 201호,mrdw.seoul,279,3854,0.072,,,망원동
왓헤픈,헤어샵,https://naver.me/GvcYDNny,서울 마포구 월드컵로25길 47 4층,whathappen.mangwon,246,1388,0.177,,,망원동
이트헤어 망원2호점,헤어샵,https://naver.me/xBMTcrHh,서울 마포구 월드컵로13길 34 두드림빌딩 2층,yeethair_official,198,2122,0.093,,,망원동
블리스 바버샵,헤어샵,https://naver.me/GwpiX5ky,서울 마포구 동교로9길 44 블리스바버샵,bliss_barbershop,196,126,1.556,,,망원동
해이 망원점,헤어샵,https://naver.me/GEXPrDyD,서울 마포구 월드컵로13길 55-15 그랑시엘 201호,hey_hippie_happy,175,3265,0.054,,,망원동
웨스트살룬바버샵,헤어샵,https://naver.me/xEx4X71a,서울 마포구 망원로6길 61 웨스트살룬 바버샵,westsaloonbarbershop,174,366,0.475,,,망원동
아쳅토,헤어샵,https://naver.me/x5GX47EA,서울 마포구 월드컵로23길 18 2층,accepto.official,117,1047,0.112,,,망원동
파보네블루,헤어샵,https://naver.me/5DDiAx4o,서울 마포구 월드컵로17길 36 2층,pavone.blu_official,96,133,0.722,,,망원동
순예,헤어샵,https://naver.me/Gj6sYQvO,서울 마포구 월드컵로19길 14 3층,soonye_official,92,163,0.564,,,망원동
로데미용실 망원점,헤어샵,https://naver.me/FPUWQozT,서울 마포구 방울내로 80 1층,rhoda_hair_,89,44,2.023,,,망원동
갊,헤어샵,https://naver.me/GI3r0wg0,서울 마포구 월드컵로17길 61 꼭대기층,garmlog,65,709,0.092,,,망원동
모꼬지방,헤어샵,https://naver.me/GlJBA99G,서울 마포구 망원로11길 43-12 1층,mokkojibang,65,1277,0.051,,,망원동
헤어매치,헤어샵,https://naver.me/565mnKVF,서울 마포구 희우정로10길 15 대림아파트 상가 1층 104호,hairmatch1004,57,564,0.101,,,망원동
더버튼바버샵 마포구청점,헤어샵,https://naver.me/GvffmJ6z,서울 마포구 방울내로7길 23 1층 102호,thebutton_chara,56,471,0.119,,,망원동
바이로맨즈헤어,헤어샵,https://naver.me/FGEzLWhD,서울 마포구 희우정로16길 25 2층,vyromens_sh,44,761,0.058,,,망원동
에르달 붙임머리,헤어샵,https://naver.me/5AgFrMfC,서울 마포구 망원로7길 31-14 1층 에르달,e_r_dal_,12,710,0.017,,,망원동
어글리베이커리,카페,https://naver.me/Fk738XX1,서울 마포구 월드컵로13길 73 1층 어글리 베이커리,uglybakery,10516,115000,0.091,,,망원동
티노마드,카페,https://naver.me/G8s9Iiz4,서울 마포구 포은로 112 2층,t.nomad_kr,7196,33000,0.218,,,망원동
블랑제리코팡,카페,https://naver.me/xAFCCcqn,서울 마포구 희우정로 115 1층,boulangerie_copain_,2428,1689,1.438,,,망원동
두두리두팡 망원본점,카페,https://naver.me/GI3J2s7p,서울 마포구 월드컵로23길 19 1층 두두리두팡,duduri_dupang,2241,12000,0.187,,,망원동
당도,카페,https://naver.me/Gxk1TpOw,서울 마포구 포은로 106,gelateria_dangdo,2105,11000,0.191,,,망원동
광합성카페,카페,https://naver.me/Gubwk4P6,서울 마포구 월드컵로19길 8,gwang_hab_sung,1885,1121,1.682,,,망원동
투떰즈업,카페,https://naver.me/GRo4KyUf,서울 마포구 희우정로16길 53 1층,two_thumbsup_,1674,73000,0.023,,,망원동
도쿄빙수 망원본점,카페,https://naver.me/FoENM3Yp,서울 마포구 포은로8길 9 1층,tokyobingsu,1588,29,54.759,,,망원동
락떼스피릿,카페,https://naver.me/53lKjQdT,서울 마포구 희우정로20길 65,rockttespirit,1422,2548,0.558,,,망원동
라뚜셩트,카페,https://naver.me/G58gQePh,"서울 마포구 포은로8길 20 1,2,3",la_touchante,1341,24000,0.056,,,망원동
카펫,카페,https://naver.me/IItcr8QF,"서울 마포구 동교로9길 72 1,2층",capet_coffeeworks,1221,7913,0.154,,,망원동
비캔드,카페,https://naver.me/xZVbxmvv,서울 마포구 포은로 71-12,beekend.seoul,1120,15000,0.075,,,망원동
밀로밀,카페,https://naver.me/xzxmZMNt,서울 마포구 희우정로10길 9 1층,milomil_,995,4814,0.207,,,망원동
브릭베이글,카페,https://naver.me/xY4sQTim,서울 마포구 동교로 43-1,brick.bagel,896,29000,0.031,,,망원동
Uig,카페,https://naver.me/5uIYtFnk,서울 마포구 망원로3길 7,uig.friends,850,62,13.710,,,망원동
망원 지튼,카페,https://naver.me/FfeONS4G,서울 마포구 망원로 73 2층 ZTTN,zttnseoul,821,2955,0.278,,,망원동
포트레이트커피바,카페,https://naver.me/GWe2U9By,서울 마포구 포은로8길 32 1층,portrait_coffeebar,657,4422,0.149,,,망원동
해브어,카페,https://naver.me/GtURGMe2,서울 마포구 월드컵로17길 38 2층,cafe_have.a,610,7175,0.085,,,망원동
다다랩,카페,https://naver.me/xs3GOgoF,서울 마포구 월드컵로15길 17 지하 다다랩,cafedadalab,526,3272,0.161,,,망원동
콘웰,카페,https://naver.me/GtURVk8w,서울 마포구 월드컵로15길 40 2층 콘웰커피,konwell_coffee,513,2741,0.187,,,망원동
보통공원 망원,카페,https://naver.me/GbDFQLvk,서울 마포구 망원로 79 3층,botong_gongwon,432,4861,0.089,,,망원동
더 바이글,카페,https://naver.me/G65ttlTn,서울 마포구 포은로 87 1층,the.beigel.bakery,398,1281,0.311,,,망원동
604seoul,카페,https://naver.me/FzSZnCqB,서울 마포구 동교로 49 정하빌딩 1층,604seoul,383,11000,0.035,,,망원동
비전스트롤 망원점,카페,https://naver.me/5YFcJ3Yl,서울 마포구 망원로 61 1층,visionstroll_coffeemaker,375,14000,0.027,,,망원동
바이어리셔,카페,https://naver.me/FqWtTTxy,서울 마포구 망원동 429-14,bayerischer_official,350,4588,0.076,,,망원동
라바즈,카페,https://naver.me/GFB1jDDT,서울 마포구 월드컵로13길 19-23 2층 왼쪽 202호,la_base_official,326,19000,0.017,,,망원동
포스트 노 빌즈,카페,https://naver.me/IFgdaLsD,서울 마포구 망원로2길 82 1층 포스트노빌즈,postnobills_official,320,1440,0.222,,,망원동
올웨이즈어거스트로스터스,카페,https://naver.me/F9N4TVCF,서울 마포구 망원로6길 19 1층 일부,alwaysau8ust,246,10000,0.025,,,망원동
고미푸딩 망원점,카페,https://naver.me/xY4s0P2A,서울 마포구 희우정로10길 20 1층,gomi_pudding,229,2239,0.102,,,망원동
하우스오브바이닐 망원점,카페,https://naver.me/xBwJEOKG,서울 마포구 희우정로16길 23 1층,houseofvinyl_mangwon,142,2230,0.064,,,망원동
필리커피,카페,https://naver.me/FbOncZsN,"서울 마포구 월드컵로25길 26 101동 1-021, 022호",fillycoffee.seoul,141,6085,0.023,,,망원동
모을,카페,https://naver.me/GlJIq1jh,"서울 마포구 월드컵로19길 71 1, 2, 3층",moeul_,95,5981,0.016,,,망원동
HHSS HOUSE,카페,https://naver.me/F8847zKA,서울 마포구 월드컵로 113 3층 303호,hhss.house,78,2771,0.028,,,망원동